{"cameraMode":{"drawMode":0,"name":"Shaded","section":"Shading Mode"},"sceneLighting":true,"audioPlay":false,"sceneViewState":{"m_AlwaysRefresh":false,"showFog":true,"showSkybox":true,"showFlares":true,"showImageEffects":true,"showParticleSystems":true,"showVisualEffectGraphs":true,"m_FxEnabled":true},"in2DMode":false,"pivot":{"x":3.3843014240264894,"y":-0.49757111072540285,"z":0.4511234164237976},"rotation":{"x":0.16403013467788697,"y":-0.668364405632019,"z":0.15466180443763734,"w":0.7088651061058044},"size":26.584577560424806,"orthographic":true}