{"cameraMode":{"drawMode":0,"name":"Shaded","section":"Shading Mode"},"sceneLighting":true,"audioPlay":false,"sceneViewState":{"m_AlwaysRefresh":false,"showFog":true,"showSkybox":true,"showFlares":true,"showImageEffects":true,"showParticleSystems":true,"showVisualEffectGraphs":true,"m_FxEnabled":true},"in2DMode":false,"pivot":{"x":-4.3854851722717289,"y":8.163901329040528,"z":-13.767641067504883},"rotation":{"x":0.21211588382720948,"y":0.49817273020744326,"z":-0.12715700268745423,"w":0.8310809135437012},"size":30.554134368896486,"orthographic":true}