{"cameraMode":{"drawMode":0,"name":"Shaded","section":"Shading Mode"},"sceneLighting":true,"audioPlay":false,"sceneViewState":{"m_AlwaysRefresh":false,"showFog":true,"showSkybox":true,"showFlares":true,"showImageEffects":true,"showParticleSystems":true,"showVisualEffectGraphs":true,"m_FxEnabled":true},"in2DMode":false,"pivot":{"x":988.76806640625,"y":441.6409912109375,"z":10.282449722290039},"rotation":{"x":0.0004295231483411044,"y":0.9975269436836243,"z":-0.0698387622833252,"w":0.006280406378209591},"size":301.03985595703127,"orthographic":false}