{"cameraMode":{"drawMode":0,"name":"Shaded","section":"Shading Mode"},"sceneLighting":true,"audioPlay":false,"sceneViewState":{"m_AlwaysRefresh":false,"showFog":true,"showSkybox":true,"showFlares":true,"showImageEffects":true,"showParticleSystems":true,"showVisualEffectGraphs":true,"m_FxEnabled":true},"in2DMode":false,"pivot":{"x":-0.12662973999977113,"y":0.030228175222873689,"z":0.528362512588501},"rotation":{"x":0.18030080199241639,"y":0.7711394429206848,"z":-0.2494831383228302,"w":0.557299017906189},"size":1.049352765083313,"orthographic":false}